Model,Demand (vph/lane),Penetration Rate (%),Seeds Tested,Equivalent Hourly Throughput (veh/h),Raw Arrivals (veh),Mean Speed (m/s),Mean Travel Time (s),Collision Rate (%),Avg Near-Collisions,Avg TTC Violations,Avg Hard Braking,Acceleration Var (m/s^2),Mean Abs Jerk (m/s^3),Wave Intensity (Var),Raw Interventions (Sum),Interventions Per CAV,Duty Cycle (%),Mean Decel Magnitude (m/s^2),Mean Duration (s),Success Rate (%),Avg Max Queue (veh),Absolute Max Queue (veh),Mean Delay (s),90th-Percentile Delay (s)
ALL-HDV,800,0,20,1748.7 ± 6.2,194.3 ± 0.7,26.31 ± 0.40,30.13 ± 0.48,0.00 ± 0.00,2.6 ± 0.9,6.4 ± 1.8,88.0 ± 12.1,1.1348 ± 0.0542,0.6003 ± 0.0446,21.98 ± 3.17,0 ± 0,0.0 ± 0.0,0.00 ± 0.00,0.00 ± 0.00,0.00 ± 0.00,82.50 ± 2.33,0.35 ± 0.29,0.3 ± 0.3,6.50 ± 0.40,11.20 ± 0.85
ALL-HDV,1700,0,20,2935.8 ± 44.9,326.2 ± 5.0,11.28 ± 0.47,63.02 ± 2.51,0.00 ± 0.00,169.0 ± 16.7,373.9 ± 36.0,535.2 ± 24.3,1.1221 ± 0.0443,0.8856 ± 0.0526,21.64 ± 2.22,0 ± 0,0.0 ± 0.0,0.00 ± 0.00,0.00 ± 0.00,0.00 ± 0.00,23.36 ± 2.54,21.50 ± 4.65,21.5 ± 4.6,37.46 ± 2.44,93.76 ± 8.87
DONGCHEN06 BASELINE,800,5,20,1739.2 ± 9.4,193.2 ± 1.0,24.04 ± 0.59,32.89 ± 0.90,0.00 ± 0.00,3.8 ± 1.7,11.6 ± 4.4,847.7 ± 42.1,1.5192 ± 0.0526,2.4813 ± 0.0931,23.31 ± 1.29,1643 ± 71,149.4 ± 6.5,33.44 ± 0.51,2.27 ± 0.01,0.15 ± 0.00,81.25 ± 3.35,0.21 ± 0.07,3.0 ± 0.5,8.62 ± 0.80,16.82 ± 2.34
DONGCHEN06 BASELINE,800,10,20,1718.5 ± 12.4,190.9 ± 1.4,22.23 ± 0.56,35.59 ± 1.11,0.00 ± 0.00,6.3 ± 4.4,16.9 ± 9.7,1613.8 ± 89.3,1.8031 ± 0.0808,4.0036 ± 0.1639,23.58 ± 2.13,3303 ± 149,150.2 ± 6.8,33.89 ± 0.45,2.26 ± 0.01,0.16 ± 0.00,77.34 ± 3.66,0.25 ± 0.09,3.3 ± 0.5,10.76 ± 1.04,20.89 ± 2.70
DONGCHEN06 BASELINE,800,20,20,1691.1 ± 17.3,187.9 ± 1.9,19.53 ± 0.72,40.60 ± 1.84,0.00 ± 0.00,8.5 ± 7.6,26.9 ± 18.1,3079.2 ± 116.3,2.2197 ± 0.0708,6.3454 ± 0.2000,23.60 ± 3.84,6686 ± 356,155.5 ± 8.3,34.37 ± 0.57,2.16 ± 0.02,0.17 ± 0.01,79.84 ± 4.61,0.26 ± 0.13,3.5 ± 0.7,15.24 ± 1.83,26.39 ± 3.12
DONGCHEN06 BASELINE,1700,5,20,2452.9 ± 73.2,272.6 ± 8.1,7.73 ± 0.50,86.20 ± 5.88,0.02 ± 0.05,172.4 ± 21.2,489.2 ± 45.2,1956.9 ± 137.1,1.0856 ± 0.0557,1.7718 ± 0.0931,28.49 ± 1.35,7599 ± 261,348.2 ± 15.9,35.65 ± 0.49,1.71 ± 0.05,0.21 ± 0.01,37.61 ± 4.87,9.88 ± 1.61,32.1 ± 4.8,60.37 ± 5.86,123.34 ± 9.63
DONGCHEN06 BASELINE,1700,10,20,2278.3 ± 73.8,253.2 ± 8.2,6.94 ± 0.37,89.00 ± 3.88,0.07 ± 0.08,174.4 ± 20.4,467.7 ± 41.7,2395.6 ± 208.5,1.0144 ± 0.0437,1.9022 ± 0.1105,25.17 ± 1.23,14083 ± 441,339.1 ± 12.5,33.08 ± 0.93,1.35 ± 0.04,0.32 ± 0.01,36.94 ± 4.41,11.00 ± 1.50,37.8 ± 3.9,62.99 ± 3.84,133.01 ± 7.06
DONGCHEN06 BASELINE,1700,20,20,2237.8 ± 104.0,248.7 ± 11.6,6.68 ± 0.52,91.85 ± 4.51,0.00 ± 0.00,203.2 ± 24.6,496.2 ± 52.1,2601.9 ± 212.6,0.9927 ± 0.0524,1.8914 ± 0.0921,24.15 ± 1.30,26847 ± 752,326.8 ± 11.6,31.59 ± 1.14,1.10 ± 0.03,0.53 ± 0.02,35.45 ± 4.36,14.24 ± 1.91,40.8 ± 4.9,65.47 ± 4.65,135.86 ± 11.89
RULE-CAV,800,5,20,1730.2 ± 9.1,192.2 ± 1.0,22.07 ± 0.62,35.98 ± 1.11,0.00 ± 0.00,6.6 ± 3.4,11.8 ± 4.3,702.5 ± 142.2,1.6400 ± 0.0988,1.7681 ± 0.2811,21.37 ± 3.67,254 ± 43,23.1 ± 3.9,4.42 ± 0.76,4.30 ± 0.06,1.72 ± 0.19,77.34 ± 4.46,0.30 ± 0.32,0.3 ± 0.3,11.37 ± 1.07,22.76 ± 2.08
RULE-CAV,800,10,20,1706.0 ± 12.8,189.6 ± 1.4,19.84 ± 0.47,39.99 ± 1.15,0.00 ± 0.00,7.0 ± 3.6,16.6 ± 7.9,1199.4 ± 127.4,1.8610 ± 0.0714,2.5649 ± 0.2127,18.49 ± 2.41,532 ± 50,24.2 ± 2.3,4.68 ± 0.40,4.19 ± 0.07,1.75 ± 0.07,72.97 ± 3.56,0.25 ± 0.19,0.2 ± 0.2,14.76 ± 1.15,26.69 ± 2.07
RULE-CAV,800,20,20,1674.5 ± 10.3,186.1 ± 1.1,17.63 ± 0.23,44.90 ± 0.75,0.00 ± 0.00,7.6 ± 3.1,20.6 ± 5.7,1769.7 ± 160.6,2.0286 ± 0.0713,3.2396 ± 0.2551,19.22 ± 2.14,1095 ± 61,25.5 ± 1.4,5.04 ± 0.26,4.18 ± 0.04,1.78 ± 0.07,74.22 ± 4.09,0.50 ± 0.33,0.5 ± 0.3,18.97 ± 0.74,28.90 ± 1.22
RULE-CAV,1700,5,20,2674.8 ± 52.8,297.2 ± 5.9,8.31 ± 0.49,80.36 ± 3.55,0.00 ± 0.00,582.5 ± 67.5,1028.7 ± 83.9,1750.2 ± 225.1,1.3813 ± 0.0731,1.3457 ± 0.1121,11.47 ± 1.15,3115 ± 181,136.3 ± 7.9,14.07 ± 1.17,4.12 ± 0.03,0.90 ± 0.08,34.25 ± 3.99,29.85 ± 4.51,29.9 ± 4.5,54.54 ± 3.55,105.86 ± 7.55
RULE-CAV,1700,10,20,2531.2 ± 69.2,281.2 ± 7.7,6.90 ± 0.50,85.63 ± 3.63,0.00 ± 0.00,766.0 ± 70.4,1218.5 ± 88.0,1796.7 ± 163.1,1.4100 ± 0.0873,1.2005 ± 0.0833,8.68 ± 0.71,4821 ± 219,112.0 ± 4.6,10.85 ± 0.88,4.08 ± 0.02,1.04 ± 0.08,36.94 ± 4.13,35.50 ± 4.72,35.5 ± 4.7,60.10 ± 3.76,119.23 ± 8.95
RULE-CAV,1700,20,20,2387.7 ± 89.6,265.3 ± 10.0,5.75 ± 0.38,83.12 ± 3.36,0.00 ± 0.00,788.3 ± 40.7,1146.8 ± 44.2,1890.3 ± 123.8,1.4965 ± 0.0804,1.0742 ± 0.0583,6.85 ± 0.55,7782 ± 277,93.6 ± 2.6,8.57 ± 0.50,4.07 ± 0.02,1.25 ± 0.06,42.09 ± 4.51,47.90 ± 1.52,47.9 ± 1.5,58.50 ± 3.65,112.98 ± 9.43
SELFISH-CAV,800,5,20,1755.0 ± 6.5,195.0 ± 0.7,26.06 ± 0.56,30.49 ± 0.75,0.00 ± 0.00,4.3 ± 2.0,9.0 ± 4.7,100.5 ± 13.3,1.1754 ± 0.0674,0.5943 ± 0.0434,23.00 ± 2.40,299 ± 56,27.1 ± 5.1,9.36 ± 1.79,0.55 ± 0.12,4.49 ± 0.89,78.91 ± 4.78,0.25 ± 0.24,0.2 ± 0.2,6.91 ± 0.66,13.33 ± 2.36
SELFISH-CAV,800,10,20,1751.4 ± 7.5,194.6 ± 0.8,26.40 ± 0.42,30.07 ± 0.55,0.00 ± 0.00,3.9 ± 1.8,6.2 ± 2.4,82.7 ± 9.7,1.0867 ± 0.0542,0.5796 ± 0.0427,23.06 ± 2.91,571 ± 113,25.9 ± 5.1,9.03 ± 1.63,0.75 ± 0.13,4.17 ± 0.68,79.53 ± 3.83,0.30 ± 0.35,0.3 ± 0.4,6.49 ± 0.51,11.87 ± 2.32
SELFISH-CAV,800,20,20,1753.7 ± 7.5,194.8 ± 0.8,26.64 ± 0.29,29.67 ± 0.42,0.00 ± 0.00,3.6 ± 1.5,6.0 ± 2.4,72.7 ± 11.1,1.0260 ± 0.0477,0.5084 ± 0.0402,23.31 ± 2.93,1039 ± 153,24.2 ± 3.6,8.55 ± 1.20,0.65 ± 0.10,4.29 ± 0.43,83.59 ± 3.41,0.20 ± 0.18,0.2 ± 0.2,6.13 ± 0.40,10.61 ± 1.79
SELFISH-CAV,1700,5,20,2953.8 ± 58.4,328.2 ± 6.5,11.49 ± 0.69,62.96 ± 3.49,0.00 ± 0.00,172.8 ± 29.7,368.5 ± 43.3,504.8 ± 20.1,1.1283 ± 0.0554,0.8608 ± 0.0507,23.07 ± 3.10,4337 ± 211,189.0 ± 9.3,28.95 ± 1.29,0.93 ± 0.05,6.64 ± 0.40,25.22 ± 5.07,24.05 ± 5.85,24.1 ± 5.8,37.25 ± 3.46,88.87 ± 11.30
SELFISH-CAV,1700,10,20,2944.8 ± 66.0,327.2 ± 7.3,11.32 ± 0.84,64.30 ± 3.71,0.00 ± 0.00,184.6 ± 24.3,399.6 ± 41.4,503.4 ± 26.7,1.1477 ± 0.0580,0.8075 ± 0.0537,22.35 ± 3.16,9211 ± 506,206.5 ± 12.1,30.10 ± 0.85,0.92 ± 0.04,6.58 ± 0.25,25.45 ± 5.43,21.00 ± 6.27,21.0 ± 6.3,38.42 ± 3.61,87.16 ± 9.32
SELFISH-CAV,1700,20,20,3073.5 ± 61.4,341.5 ± 6.8,12.76 ± 1.01,59.19 ± 3.38,0.00 ± 0.00,166.8 ± 24.6,348.4 ± 40.9,484.6 ± 22.8,1.2323 ± 0.0490,0.8228 ± 0.0607,26.32 ± 3.42,16821 ± 1099,186.9 ± 12.2,30.40 ± 0.83,0.95 ± 0.03,6.62 ± 0.23,32.09 ± 6.63,19.25 ± 4.06,19.2 ± 4.1,33.18 ± 3.36,78.06 ± 10.09
TRAFFIC SHEPHERD,800,5,20,1755.5 ± 6.6,195.1 ± 0.7,26.04 ± 0.53,30.50 ± 0.71,0.00 ± 0.00,4.3 ± 1.6,8.8 ± 3.8,99.5 ± 13.2,1.1744 ± 0.0572,0.5962 ± 0.0456,26.12 ± 1.31,310 ± 51,28.2 ± 4.6,9.49 ± 1.55,0.81 ± 0.15,3.88 ± 0.98,78.75 ± 4.61,0.27 ± 0.09,3.5 ± 0.7,6.90 ± 0.60,13.34 ± 2.26
TRAFFIC SHEPHERD,800,10,20,1753.2 ± 7.4,194.8 ± 0.8,26.21 ± 0.45,30.27 ± 0.62,0.00 ± 0.00,4.5 ± 1.9,7.4 ± 3.0,92.2 ± 13.9,1.1232 ± 0.0612,0.6044 ± 0.0522,25.60 ± 1.09,681 ± 130,31.0 ± 5.9,10.57 ± 1.82,0.98 ± 0.16,2.64 ± 0.82,79.06 ± 4.31,0.22 ± 0.09,3.5 ± 0.5,6.68 ± 0.59,12.49 ± 2.40
TRAFFIC SHEPHERD,800,20,20,1754.1 ± 7.7,194.9 ± 0.9,26.51 ± 0.30,29.87 ± 0.42,0.00 ± 0.00,3.4 ± 1.5,5.8 ± 2.5,81.6 ± 9.9,1.0388 ± 0.0490,0.5617 ± 0.0368,24.84 ± 1.09,1176 ± 165,27.4 ± 3.8,9.49 ± 1.25,0.89 ± 0.11,1.98 ± 0.55,83.44 ± 3.42,0.16 ± 0.05,3.3 ± 0.6,6.21 ± 0.40,10.87 ± 1.81
TRAFFIC SHEPHERD,1700,5,20,2962.3 ± 71.4,329.1 ± 7.9,11.59 ± 0.80,62.47 ± 3.21,0.00 ± 0.00,168.4 ± 22.2,365.1 ± 43.7,538.6 ± 30.3,1.1510 ± 0.0634,0.9353 ± 0.0631,32.51 ± 1.16,4553 ± 369,198.3 ± 15.8,29.52 ± 1.02,0.97 ± 0.04,2.03 ± 0.19,26.49 ± 5.29,11.89 ± 1.74,36.7 ± 2.7,36.75 ± 3.17,87.41 ± 9.51
TRAFFIC SHEPHERD,1700,10,20,2953.8 ± 72.4,328.2 ± 8.0,11.53 ± 0.97,63.17 ± 4.09,0.09 ± 0.19,193.4 ± 31.5,403.2 ± 55.3,500.8 ± 25.5,1.1354 ± 0.0669,0.8657 ± 0.0581,32.80 ± 1.43,8962 ± 535,200.6 ± 12.3,29.67 ± 0.79,0.95 ± 0.03,2.50 ± 0.14,24.18 ± 6.27,12.08 ± 1.52,36.0 ± 2.0,37.29 ± 3.95,86.87 ± 11.67
TRAFFIC SHEPHERD,1700,20,20,3025.3 ± 95.5,336.1 ± 10.6,12.59 ± 1.37,60.22 ± 4.61,0.00 ± 0.00,177.4 ± 39.6,371.1 ± 65.1,491.8 ± 28.5,1.1802 ± 0.0717,0.8553 ± 0.0737,32.12 ± 1.52,16355 ± 1384,183.6 ± 16.2,29.30 ± 1.23,0.98 ± 0.03,2.57 ± 0.19,31.27 ± 8.03,10.25 ± 2.07,32.9 ± 4.6,34.33 ± 4.42,82.22 ± 12.99
